url,product_sku,product_name,brand,original_price,sale_price,category,total_number_of_reviews,1_star,2_star,3_star,4_star,5_star,date_of_purchase,place_of_purchase,review_title,review_text,review_id
https://mmlafleur.com/products/lisey-silk-charm-ivory,LSY1IVRXS,Lisey Layering Cami - Silk Charmeuse Blend :: Ivory,M.M.LaFleur,179.0,179.0,tops,0,0,0,0,0,0,,,,,
https://mmlafleur.com/products/lisey-silk-charm-black,LSY1BLKXS,Lisey Layering Cami - Silk Charmeuse Blend :: Black,M.M.LaFleur,179.0,179.0,tops,0,0,0,0,0,0,,,,,
https://mmlafleur.com/products/filomina-white,FIL1WHTXS,Filomina Boyfriend Shirt - Knit Poplin :: White,M.M.LaFleur,269.0,269.0,tops,53,0,1,2,7,43,2025-12-28,,,A more wrinkle resistant answer to a crisp white button up! Great staple for my closet. I’m usually a size 6 for shirts and purchased a Medium for an oversized look,OBp038CpI
https://mmlafleur.com/products/filomina-white,FIL1WHTXS,Filomina Boyfriend Shirt - Knit Poplin :: White,M.M.LaFleur,269.0,269.0,tops,53,0,1,2,7,43,2025-07-13,,,I love the color and the feel of the fabric. This is a comfortable shirt that can be dressed up or down.,apHAndDj7
https://mmlafleur.com/products/filomina-white,FIL1WHTXS,Filomina Boyfriend Shirt - Knit Poplin :: White,M.M.LaFleur,269.0,269.0,tops,53,0,1,2,7,43,2026-05-15,,,"I bought  my usual size in one shirt and wear it has a little bit slouchy, with slim fit pants and tied around the waist. I bought another color sized down.  It’s a classic perfect fit, good for tucking. Looks trim and neat with jeans or business trousers.  Love them both.  The material is so soft and comfortable.  Travels well.",c66ykzQym
https://mmlafleur.com/products/filomina-white,FIL1WHTXS,Filomina Boyfriend Shirt - Knit Poplin :: White,M.M.LaFleur,269.0,269.0,tops,53,0,1,2,7,43,2026-05-12,,,"This is the third Filomina shirt I purchased.  I have it in pink and ivory.  I love the style and the fabric which doesn't wrinkle even right out of the washer and dryer.  It's a shirt that can be work appropriate, but also casual.  The dark navy is a great color",B9_Q-Ru3T
https://mmlafleur.com/products/filomina-white,FIL1WHTXS,Filomina Boyfriend Shirt - Knit Poplin :: White,M.M.LaFleur,269.0,269.0,tops,53,0,1,2,7,43,2026-05-13,,,"This is my 3rd Flomina shirt.  Love the feel, fit, and the polished look.",Rrk20fsBH
https://mmlafleur.com/products/filomina-white,FIL1WHTXS,Filomina Boyfriend Shirt - Knit Poplin :: White,M.M.LaFleur,269.0,269.0,tops,53,0,1,2,7,43,2026-05-11,,,"I dropped off some PreLoved items for a credit and ordered some pants. When they arrived I was so disappointed because they looked like Hammer pants. I went to the store and wanted to find a way to spend the credit and be done with the whole affair. I tried on several shirts with wildly different sizing. This one was only available in dark blue in the store, so I ordered it in white. Looks nice, but a lot of effort for a shirt.",j-a2Yw6YU
https://mmlafleur.com/products/filomina-white,FIL1WHTXS,Filomina Boyfriend Shirt - Knit Poplin :: White,M.M.LaFleur,269.0,269.0,tops,53,0,1,2,7,43,2026-04-30,,,I ordered my true size and enjoy the slightly oversized look. I have a fuller chest and there was no gaping at all. The fabric is so comfy as well!,ScTx3r9B1
https://mmlafleur.com/products/filomina-white,FIL1WHTXS,Filomina Boyfriend Shirt - Knit Poplin :: White,M.M.LaFleur,269.0,269.0,tops,53,0,1,2,7,43,2026-09-26,,,"I wasn't too keen on this when it first launched. I think I had the wrong size, too large, and returned it. But I've always liked the picture they show with the white shite under the black jacket, so I tried again, sizing down a lot (2 sizes), which worked out. This material is amazing. It is NOT see-through either. You cannot see a black bra under it, I don't know about other colors but you know how some shirts are sheer so you see your skin through it? This is not that shirt. I love how it doe...",IhQmYf1Sj
https://mmlafleur.com/products/filomina-white,FIL1WHTXS,Filomina Boyfriend Shirt - Knit Poplin :: White,M.M.LaFleur,269.0,269.0,tops,53,0,1,2,7,43,2026-01-01,,,"Lovely shirt. I already own the hyacinth version and was happy to add the tulip to my wardrobe during the end-of-year sale. Looks great with grays, blacks, cream, and various shades of maroon (love it with huckleberry). A great shirt at a great price. I bought my usual medium.",oVykop9iF
https://mmlafleur.com/products/filomina-white,FIL1WHTXS,Filomina Boyfriend Shirt - Knit Poplin :: White,M.M.LaFleur,269.0,269.0,tops,53,0,1,2,7,43,2026-07-09,,,I'm glad I finally tried the Filomina. It's the perfect slightly oversized but not sloppy white button up and the fabric is soft and wrinkle-free as promised. I went with my smaller blouse size and still have plenty of ease through the torso which feels great on a hot summer day.,qlVJ4wPLl
https://mmlafleur.com/products/filomina-white,FIL1WHTXS,Filomina Boyfriend Shirt - Knit Poplin :: White,M.M.LaFleur,269.0,269.0,tops,53,0,1,2,7,43,2026-01-06,,I ordered a size down and wish I had ordered my normal size for an oversized look. I don't love the button covering on the front of the shirt. The fabric is very nice and the stretch makes it very comfortable.,I have had a hard time honestly finding anything I like at MM LaFleur so going to keep because I have been rolling over a credit for months with different items that don't work.,1Oc3DuRYa
https://mmlafleur.com/products/filomina-white,FIL1WHTXS,Filomina Boyfriend Shirt - Knit Poplin :: White,M.M.LaFleur,269.0,269.0,tops,53,0,1,2,7,43,2025-11-25,,,This shirt is beautifully made.  The light pink color is elegant and the buttons down the front can be hidden. I’ll be wearing this again and again.,3eP_Jd3K7
https://mmlafleur.com/products/filomina-white,FIL1WHTXS,Filomina Boyfriend Shirt - Knit Poplin :: White,M.M.LaFleur,269.0,269.0,tops,53,0,1,2,7,43,2025-10-27,,,"This is a beautiful shirt that can be dressed up for suiting or down over jeans. The weight and stretch make it luxe yet comfortable, structured yet flowy. Only point (that some may actually prefer) is the color is more muted/dusty rose than the pink in the photo. I want to get the Hydrangea color now!",Kf4b4UGWO
https://mmlafleur.com/products/filomina-white,FIL1WHTXS,Filomina Boyfriend Shirt - Knit Poplin :: White,M.M.LaFleur,269.0,269.0,tops,53,0,1,2,7,43,2025-10-23,,,"Shirt is comfortable and fits great. I am usually a medium tall with broad shoulders and bigger upper arms, so struggle with button-ups feeling very restricting. The medium fit perfectly and was very stretchy even though it didn't look that way. I would have liked another 1.5"" in sleeve length, but that is usually the case for me.",xOkBrN6Df
https://mmlafleur.com/products/filomina-white,FIL1WHTXS,Filomina Boyfriend Shirt - Knit Poplin :: White,M.M.LaFleur,269.0,269.0,tops,53,0,1,2,7,43,2025-10-10,,,"Comfiest work shirt I own that also looks smart and tailored!  It’s a generous fit, which is perfect for me as I don’t like tight fitting shirts.  I bought a size L which is my normal size.  I could have maybe gone with a Medium, but it would have been form fitting.  The colour is a beautiful Lupin blue.  More of these, please!",2ie0eTv9l
https://mmlafleur.com/products/filomina-white,FIL1WHTXS,Filomina Boyfriend Shirt - Knit Poplin :: White,M.M.LaFleur,269.0,269.0,tops,53,0,1,2,7,43,2025-10-06,,,Nice fit.  Very comfortable to wear.,P1zzNEb60
https://mmlafleur.com/products/filomina-white,FIL1WHTXS,Filomina Boyfriend Shirt - Knit Poplin :: White,M.M.LaFleur,269.0,269.0,tops,53,0,1,2,7,43,2025-09-28,,,"The material is very soft. The shirt does run big so if you are in between sizes, go down a size instead of up.",csT_1NQp6
https://mmlafleur.com/products/filomina-white,FIL1WHTXS,Filomina Boyfriend Shirt - Knit Poplin :: White,M.M.LaFleur,269.0,269.0,tops,53,0,1,2,7,43,2025-09-25,,,"This is a beautiful shirt, well-made, drapes well, and comfortable. Runs a tad large.",JON1vATzi
https://mmlafleur.com/products/filomina-white,FIL1WHTXS,Filomina Boyfriend Shirt - Knit Poplin :: White,M.M.LaFleur,269.0,269.0,tops,53,0,1,2,7,43,2025-09-20,,,Nice color and good quality. Fit is loose but still flattering.,l2yqBPnBQ
https://mmlafleur.com/products/filomina-white,FIL1WHTXS,Filomina Boyfriend Shirt - Knit Poplin :: White,M.M.LaFleur,269.0,269.0,tops,53,0,1,2,7,43,2025-09-19,,,It seems quite tight- I have a large and am a normal size 10,H_h3wFA7_
https://mmlafleur.com/products/filomina-white,FIL1WHTXS,Filomina Boyfriend Shirt - Knit Poplin :: White,M.M.LaFleur,269.0,269.0,tops,53,0,1,2,7,43,2025-09-09,,,The material is luxurious and the fit is perfect. So flattering tucked into a pair of Foster pants. I also unbuttoned the bottom and tied the shirttails to create a casual look with wide legged trousers. So cute!,kpVyCQ95I
https://mmlafleur.com/products/filomina-white,FIL1WHTXS,Filomina Boyfriend Shirt - Knit Poplin :: White,M.M.LaFleur,269.0,269.0,tops,53,0,1,2,7,43,2025-08-29,,,"Very good general-purpose, multi-functional shirt. Every woman needs a shirt like this in her closet. I wear it with jeans and my navy blue silk designer suit. It is a knit (rather than woven) shirt, which makes it really comfortable. Runs a bit large.",VUvgoXKU1
https://mmlafleur.com/products/filomina-white,FIL1WHTXS,Filomina Boyfriend Shirt - Knit Poplin :: White,M.M.LaFleur,269.0,269.0,tops,53,0,1,2,7,43,2025-08-24,,,Great fabric. Beautiful color. Flattering fit.,QUa7gdgjj
https://mmlafleur.com/products/filomina-white,FIL1WHTXS,Filomina Boyfriend Shirt - Knit Poplin :: White,M.M.LaFleur,269.0,269.0,tops,53,0,1,2,7,43,2025-08-16,,,Great fabric,VKls8EEfE
https://mmlafleur.com/products/filomina-white,FIL1WHTXS,Filomina Boyfriend Shirt - Knit Poplin :: White,M.M.LaFleur,269.0,269.0,tops,53,0,1,2,7,43,2025-08-14,,,"Love this blouse! I already have 3 MMLaFleur blouses similar to this, in different colors - love them and wear them all the time, so adding this lovely color was an easy decision. Easy to dress up of down, looks terrific, and something you can wear everywhere all 4 seasons. Perfect! One note of caution: It does run quite large - I'm a true Medium, so I ordered a Small, and even the Small is a little oversized (but in a stylish way). I may try an XS just to see the fit. Great addition to my wardr...",XmJ4uoc1D
https://mmlafleur.com/products/filomina-white,FIL1WHTXS,Filomina Boyfriend Shirt - Knit Poplin :: White,M.M.LaFleur,269.0,269.0,tops,53,0,1,2,7,43,2025-08-13,,,"This shirt was enormous.  I liked the fabric and the placket construction, but it could have contained two of me.",4hF5pXJY8m
https://mmlafleur.com/products/filomina-white,FIL1WHTXS,Filomina Boyfriend Shirt - Knit Poplin :: White,M.M.LaFleur,269.0,269.0,tops,53,0,1,2,7,43,2025-08-12,,,Love this shirt. Great material that does not wrinkle. No gapping which is great if you are busty and did not need to size up to get that coverage!,uCCVD64Md
https://mmlafleur.com/products/filomina-white,FIL1WHTXS,Filomina Boyfriend Shirt - Knit Poplin :: White,M.M.LaFleur,269.0,269.0,tops,53,0,1,2,7,43,2025-07-25,,,"Shirt is soft and slightly oversized, making it a nice casual Friday shirt for the office. Customer service that dealt with a shipping mix up was excellent.",3flYMUj5d
https://mmlafleur.com/products/filomina-white,FIL1WHTXS,Filomina Boyfriend Shirt - Knit Poplin :: White,M.M.LaFleur,269.0,269.0,tops,53,0,1,2,7,43,2025-07-14,,,"I cannot believe how impossibly soft this fabric is! I just love how it feels on my skin. The color is a subtle pink, a nice change from white. Keeping it from being a 5: the sleeves are slightly too long when cuffs are flipped down and slightly too short when flipped up. The tailoring in the underarm and shoulder isn't quite what I would have wanted, but the oversize nature of the shirt makes that forgiving. All in all, it's an easy top to throw on when I need more spacious clothing but want to...",DHHrs7Uk1
https://mmlafleur.com/products/filomina-white,FIL1WHTXS,Filomina Boyfriend Shirt - Knit Poplin :: White,M.M.LaFleur,269.0,269.0,tops,53,0,1,2,7,43,2025-07-14,,,"Super soft, comfortable fit, pairs great with slacks or a suit. Does fit a little big, I have broad shoulders and smaller waist and hips and there is extra in the middle.",0Mfriptcr
https://mmlafleur.com/products/filomina-white,FIL1WHTXS,Filomina Boyfriend Shirt - Knit Poplin :: White,M.M.LaFleur,269.0,269.0,tops,53,0,1,2,7,43,2025-07-14,,,Classic and elegant. Fits great,-g3Am_ss_
https://mmlafleur.com/products/filomina-white,FIL1WHTXS,Filomina Boyfriend Shirt - Knit Poplin :: White,M.M.LaFleur,269.0,269.0,tops,53,0,1,2,7,43,2025-07-14,,,"Versatile and beautiful shirt. The fabric has some give and is a great midweight. I was worried about pilling, but it hasn’t been an issue.",HXYPELQJH
https://mmlafleur.com/products/filomina-white,FIL1WHTXS,Filomina Boyfriend Shirt - Knit Poplin :: White,M.M.LaFleur,269.0,269.0,tops,53,0,1,2,7,43,2025-07-13,,,"This is the perfect white shirt, doesn’t wrinkle easily and the fabric is so comfortable. I bought medium and large. The medium fit was slightly tight in the hips, the large fits more oversized and the way I like it. Kept both though! Getting way more use out of this then the Clemens shirt (which is much more fitted) as this shirt makes a great layer over dresses and sleeveless tops in summer, and is great on its own over leggings for example.",SGFIdMSzh
https://mmlafleur.com/products/filomina-white,FIL1WHTXS,Filomina Boyfriend Shirt - Knit Poplin :: White,M.M.LaFleur,269.0,269.0,tops,53,0,1,2,7,43,2025-06-26,,,I read the description of the fabric and decided that it can’t possibly be true. Then I tried it on IRL on a trip to Manhattan and Oh. My. God. The only problem is that my husband can’t find anything like this for men.,kNZXkYZWWay
https://mmlafleur.com/products/filomina-white,FIL1WHTXS,Filomina Boyfriend Shirt - Knit Poplin :: White,M.M.LaFleur,269.0,269.0,tops,53,0,1,2,7,43,2025-06-18,,,"This may look like a standard blue button up, but it stands out because of the quality. Well-made construction, drop shoulders, the pleated seam up the front hiding the buttons and the ultra soft material make it a new favorite.",fAVXiKS4M4n
https://mmlafleur.com/products/filomina-white,FIL1WHTXS,Filomina Boyfriend Shirt - Knit Poplin :: White,M.M.LaFleur,269.0,269.0,tops,53,0,1,2,7,43,2025-06-10,,,excited to wear this on my trip to Italy,cE_oYT4r1Bm
https://mmlafleur.com/products/filomina-white,FIL1WHTXS,Filomina Boyfriend Shirt - Knit Poplin :: White,M.M.LaFleur,269.0,269.0,tops,53,0,1,2,7,43,2025-05-31,,,Love this shirt. The fabric is so comfortable and resists wrinkles. Wear it tucked or untucked.,VxyrrdsowSd
https://mmlafleur.com/products/filomina-white,FIL1WHTXS,Filomina Boyfriend Shirt - Knit Poplin :: White,M.M.LaFleur,269.0,269.0,tops,53,0,1,2,7,43,2025-05-31,,,"I love the color and the drape of the fabric. Also, the seams that hide the buttons is beautiful. The shirt has a relaxed fit and runs a bit big so be aware of this when ordering. I have already worn it a couple of times and will be wearing it on repeat.",c6B8vrJbB8X
https://mmlafleur.com/products/filomina-white,FIL1WHTXS,Filomina Boyfriend Shirt - Knit Poplin :: White,M.M.LaFleur,269.0,269.0,tops,53,0,1,2,7,43,2025-05-23,,,Best fabric- I want to wear this every day! I would purchase every color available!,P80ZD1YY18
https://mmlafleur.com/products/filomina-white,FIL1WHTXS,Filomina Boyfriend Shirt - Knit Poplin :: White,M.M.LaFleur,269.0,269.0,tops,53,0,1,2,7,43,2025-05-18,,,"I love this shirt. It is so comfortable, holds its shape, well made, love the way the buttons are hidden. Perfect!",9tq0PuZcT-P
https://mmlafleur.com/products/filomina-white,FIL1WHTXS,Filomina Boyfriend Shirt - Knit Poplin :: White,M.M.LaFleur,269.0,269.0,tops,53,0,1,2,7,43,2025-05-15,,,"Love the placard, fabric and material. I prefer shirts fitted on the shoulder so will have to get the arm hole tailored, but other than that, they are great.",NFtMOf54bb
https://mmlafleur.com/products/filomina-white,FIL1WHTXS,Filomina Boyfriend Shirt - Knit Poplin :: White,M.M.LaFleur,269.0,269.0,tops,53,0,1,2,7,43,2025-05-12,,,"I just wore this shirt for the first time - on a Friday - and was happy at how soft and comfortable the fabric was. It isn&#x27;t overly stretchy, but accommodates normal office movement. It feels elevated without being too formal. I wore it untucked over straight jeans and will also try it on a non-Friday tucked into my Milos. Have not yet washed it, so I hope that it will come out of the laundry not needing too much care.",AJOPNXm-mc
https://mmlafleur.com/products/filomina-white,FIL1WHTXS,Filomina Boyfriend Shirt - Knit Poplin :: White,M.M.LaFleur,269.0,269.0,tops,53,0,1,2,7,43,2025-05-03,,,"I have this shirt in both white and hydrangea because I like it so much. The detail is what attracted me to it. I so appreciate how the front placket uniquely &#x27;hides&#x27; the front buttons. The square silver top button adds a nice touch. Love that the sleeve length is sufficient to flip the cuffs back without exposing my entire forearm. Last, love the silky non-wrinkling fabric. Doubt it will require any ironing after laundering--Will just hang on padded hanger to dry. Stunning look tucked...",W9amPH64CU
https://mmlafleur.com/products/filomina-white,FIL1WHTXS,Filomina Boyfriend Shirt - Knit Poplin :: White,M.M.LaFleur,269.0,269.0,tops,53,0,1,2,7,43,2025-04-27,,,"Soft, lovely, feels great, a winner!",mfbRqNGECzt
https://mmlafleur.com/products/filomina-white,FIL1WHTXS,Filomina Boyfriend Shirt - Knit Poplin :: White,M.M.LaFleur,269.0,269.0,tops,53,0,1,2,7,43,2025-04-24,,,"Loved the tulip color and the fabric. 4 starts only because it runs very large. An XS overwhelmed me. I wear a size 2 Etsuko dress, XS Antonia top, XS Nora, size M Exam, size 2 Yiyan blazer, size 4 Moreland, XS Jolie cardigan.",BrlzrE_QlkY
https://mmlafleur.com/products/filomina-white,FIL1WHTXS,Filomina Boyfriend Shirt - Knit Poplin :: White,M.M.LaFleur,269.0,269.0,tops,53,0,1,2,7,43,2025-04-21,,,"This is my new favorite shirt! I love the blue color, comfortable fabric and flattering fit.",cLVYns2d3a
https://mmlafleur.com/products/filomina-white,FIL1WHTXS,Filomina Boyfriend Shirt - Knit Poplin :: White,M.M.LaFleur,269.0,269.0,tops,53,0,1,2,7,43,2025-04-09,,,"Really wanted to love this shirt. Gorgeous fabric and color. However, on me, the shoulders were too broad; lots of extra material making me look really big up top. On the other hand, the lower part of the shirt (last couple of buttons) was too narrow. Could barely button the last couple of buttons.",y8_SjNM8GW-
https://mmlafleur.com/products/filomina-white,FIL1WHTXS,Filomina Boyfriend Shirt - Knit Poplin :: White,M.M.LaFleur,269.0,269.0,tops,53,0,1,2,7,43,2025-04-09,,,Beautiful drape and high quality fabric. I had to exchange for a smaller size as it runs large. It will be a wardrobe staple.,HPtTBnMDPR
https://mmlafleur.com/products/filomina-white,FIL1WHTXS,Filomina Boyfriend Shirt - Knit Poplin :: White,M.M.LaFleur,269.0,269.0,tops,53,0,1,2,7,43,2025-04-03,,Comfortable and good looking,"This shirt is good looking and the fabric is really soft and lovely. It is heavier than a cotton poplin, but drapes well. I love the front button placket which covers the buttons and looks quite elegant. This will be great for travel and for everyday wear. The color is true to the photos, a nice light lavender (hydrangea) that is easy to style. This shirt does run big. I usually wear a M or 8 and I ended up with a small, which is just roomy enough for comfort.",vXmJemmBWgS
https://mmlafleur.com/products/filomina-white,FIL1WHTXS,Filomina Boyfriend Shirt - Knit Poplin :: White,M.M.LaFleur,269.0,269.0,tops,53,0,1,2,7,43,2025-04-01,,,"Wonderful fabric and drapey fit. This is exactly what I was looking for if not for the hidden buttons. I didn&#x27;t notice this feature when ordering so I ended up returning this, sadly. I saw the pink version has buttons exposed so perhaps it&#x27;s possible to expose them and I&#x27;ll give it another try?",BaYC5NMWE
https://mmlafleur.com/products/filomina-white,FIL1WHTXS,Filomina Boyfriend Shirt - Knit Poplin :: White,M.M.LaFleur,269.0,269.0,tops,53,0,1,2,7,43,2025-03-31,,,"I can decide which knit poplin shirt is “the” one. The Filomena has a wonderful, slightly loose fit that’s perfect as a light second layer or for more casual days when buttoned up. The fabric looks polished while being easy care. I have all 3 colors and would buy more if there are other colors released in th",dFQPHy04cR
https://mmlafleur.com/products/filomina-white,FIL1WHTXS,Filomina Boyfriend Shirt - Knit Poplin :: White,M.M.LaFleur,269.0,269.0,tops,53,0,1,2,7,43,2025-02-15,,,The perfect white button down! The detail on the front placket elevates the Filomina beyond a basic piece. Crisp and comfortable.,pD7XgHOF9T
https://mmlafleur.com/products/filomina-white,FIL1WHTXS,Filomina Boyfriend Shirt - Knit Poplin :: White,M.M.LaFleur,269.0,269.0,tops,53,0,1,2,7,43,2025-01-27,,,"The perfect pink dress shirt exists! This is genius fabric, and MM doesn’t disappoint with the elevated details on the button placket. A typical caution that when MM says it’s oversized they mean it - so I exchanged down from M to S. I debated adding a bust dart instead of downsizing, so consider that there are options to customize the volume in the body of the shirt if you can’t downsize. The sleeve will need to be shortened for me, but that’s also fairly standard for me at 5’2” in MM. Not a co...",ElBONYiVbT9
https://mmlafleur.com/products/antonia-ivory,ANW3ALBXS,Antonia Faux Wrap Top - Eco Soft Wave :: Ivory,M.M.LaFleur,199.0,199.0,tops,78,2,1,3,9,63,2026-04-11,,,I had an amazing experience with Stefan and the outfit worked perfect for my conference!,p2cBA87Zct
https://mmlafleur.com/products/antonia-ivory,ANW3ALBXS,Antonia Faux Wrap Top - Eco Soft Wave :: Ivory,M.M.LaFleur,199.0,199.0,tops,78,2,1,3,9,63,2026-07-09,,,"I love this shirt! It hangs beautifully, is washable, and comfortable. If you make it in more colors I will buy them too.",r9hz0NrI9r
https://mmlafleur.com/products/antonia-ivory,ANW3ALBXS,Antonia Faux Wrap Top - Eco Soft Wave :: Ivory,M.M.LaFleur,199.0,199.0,tops,78,2,1,3,9,63,2026-05-23,,,"When I put on the Antonia top, the first word out of my mouth was ""perfect""!  The fabric feels great and even with the soft way it drapes, it has a tailored look that works alone casually,  or under a jacket for business. I love this top!",wQ8HjMN62
https://mmlafleur.com/products/antonia-ivory,ANW3ALBXS,Antonia Faux Wrap Top - Eco Soft Wave :: Ivory,M.M.LaFleur,199.0,199.0,tops,78,2,1,3,9,63,2026-05-28,,,"Blouse is beautiful, fits great and looks amazing with a variety of pant styles and worn either tucked or untucked.",rL4WQjIEU
https://mmlafleur.com/products/antonia-ivory,ANW3ALBXS,Antonia Faux Wrap Top - Eco Soft Wave :: Ivory,M.M.LaFleur,199.0,199.0,tops,78,2,1,3,9,63,2026-04-21,,,This is such a lovely versatile top. It brings quality to any slacks and matches any jacket. I’m usually between top sizes and could have sized up for an easier on/off.,I5l01kYW8
https://mmlafleur.com/products/antonia-ivory,ANW3ALBXS,Antonia Faux Wrap Top - Eco Soft Wave :: Ivory,M.M.LaFleur,199.0,199.0,tops,78,2,1,3,9,63,2026-06-22,,,"Love the material, color and way it lays...gorgeous.",8I4Ozjj_I
https://mmlafleur.com/products/antonia-ivory,ANW3ALBXS,Antonia Faux Wrap Top - Eco Soft Wave :: Ivory,M.M.LaFleur,199.0,199.0,tops,78,2,1,3,9,63,2026-09-30,,,I like this blouse so much that I purchased it in all four colors.,aoJGSgb4_
https://mmlafleur.com/products/antonia-ivory,ANW3ALBXS,Antonia Faux Wrap Top - Eco Soft Wave :: Ivory,M.M.LaFleur,199.0,199.0,tops,78,2,1,3,9,63,2026-05-23,,,"Very nice fabric, well made.",DCA80mBMdg
https://mmlafleur.com/products/antonia-ivory,ANW3ALBXS,Antonia Faux Wrap Top - Eco Soft Wave :: Ivory,M.M.LaFleur,199.0,199.0,tops,78,2,1,3,9,63,2026-03-19,,,"Great fit, even on petites.",TAYjc0zx7
https://mmlafleur.com/products/antonia-ivory,ANW3ALBXS,Antonia Faux Wrap Top - Eco Soft Wave :: Ivory,M.M.LaFleur,199.0,199.0,tops,78,2,1,3,9,63,2026-08-25,,,Quality blouse that looks and feels great,ySV1q3-I3
https://mmlafleur.com/products/antonia-ivory,ANW3ALBXS,Antonia Faux Wrap Top - Eco Soft Wave :: Ivory,M.M.LaFleur,199.0,199.0,tops,78,2,1,3,9,63,2026-05-28,,,Beautiful. Well made,iZgAFi06h
https://mmlafleur.com/products/antonia-ivory,ANW3ALBXS,Antonia Faux Wrap Top - Eco Soft Wave :: Ivory,M.M.LaFleur,199.0,199.0,tops,78,2,1,3,9,63,2026-07-17,,,"This top is well made and flattering. The fabric is beautiful, plus it is lined.",F_BoherT3
https://mmlafleur.com/products/antonia-ivory,ANW3ALBXS,Antonia Faux Wrap Top - Eco Soft Wave :: Ivory,M.M.LaFleur,199.0,199.0,tops,78,2,1,3,9,63,2026-07-16,,,"Fit well, great fabric!",8KbPVZaIl
https://mmlafleur.com/products/antonia-ivory,ANW3ALBXS,Antonia Faux Wrap Top - Eco Soft Wave :: Ivory,M.M.LaFleur,199.0,199.0,tops,78,2,1,3,9,63,2026-07-15,,,"Perfect work shirt - looks great, easy to care for, goes with pretty much everything!",mLb8OnyUV
https://mmlafleur.com/products/antonia-ivory,ANW3ALBXS,Antonia Faux Wrap Top - Eco Soft Wave :: Ivory,M.M.LaFleur,199.0,199.0,tops,78,2,1,3,9,63,2026-07-14,,,Fits well. Tailoring is good. Thanks.,LWNgixMqF
https://mmlafleur.com/products/antonia-ivory,ANW3ALBXS,Antonia Faux Wrap Top - Eco Soft Wave :: Ivory,M.M.LaFleur,199.0,199.0,tops,78,2,1,3,9,63,2026-06-05,,,I just do!,LPw3X2O3U
https://mmlafleur.com/products/antonia-ivory,ANW3ALBXS,Antonia Faux Wrap Top - Eco Soft Wave :: Ivory,M.M.LaFleur,199.0,199.0,tops,78,2,1,3,9,63,2026-07-10,,,"Love the drape at the waist. As usual, the quality and workmanship is good. Not guaranteed in women's clothing lines!",72m9G4rY7Q
https://mmlafleur.com/products/antonia-ivory,ANW3ALBXS,Antonia Faux Wrap Top - Eco Soft Wave :: Ivory,M.M.LaFleur,199.0,199.0,tops,78,2,1,3,9,63,2026-07-05,,,Fits so beautifully!  I will wear it on repeat!,0FSjGrXGK
https://mmlafleur.com/products/antonia-ivory,ANW3ALBXS,Antonia Faux Wrap Top - Eco Soft Wave :: Ivory,M.M.LaFleur,199.0,199.0,tops,78,2,1,3,9,63,2026-05-07,,,Looks and feels great—will get a lot of wear!,ABVIiHFew
https://mmlafleur.com/products/antonia-ivory,ANW3ALBXS,Antonia Faux Wrap Top - Eco Soft Wave :: Ivory,M.M.LaFleur,199.0,199.0,tops,78,2,1,3,9,63,2026-04-29,,,The quality was excellent. Arrived quickly!,FC07rWy4z
https://mmlafleur.com/products/antonia-ivory,ANW3ALBXS,Antonia Faux Wrap Top - Eco Soft Wave :: Ivory,M.M.LaFleur,199.0,199.0,tops,78,2,1,3,9,63,2026-06-03,,,Better return policy,62yOWCAsn
https://mmlafleur.com/products/antonia-ivory,ANW3ALBXS,Antonia Faux Wrap Top - Eco Soft Wave :: Ivory,M.M.LaFleur,199.0,199.0,tops,78,2,1,3,9,63,2025-12-15,,,Runs large,CEcK2fnZL
https://mmlafleur.com/products/antonia-ivory,ANW3ALBXS,Antonia Faux Wrap Top - Eco Soft Wave :: Ivory,M.M.LaFleur,199.0,199.0,tops,78,2,1,3,9,63,2026-02-28,,,The 2nd layer lining doesn’t lay flat in the back,I_dQsi5lU
https://mmlafleur.com/products/antonia-ivory,ANW3ALBXS,Antonia Faux Wrap Top - Eco Soft Wave :: Ivory,M.M.LaFleur,199.0,199.0,tops,78,2,1,3,9,63,2025-12-18,,,I loved the experience and really feel confident in everything I bought. I just wish the stylist I worked with followed through on actually sending the follow up email ahe said she would of the other items I loved names and sizes that I didnt buy that day because when I got home I was ready to order so much more (~$2K-$3k with a future opportunity for consistent spend) but I never recieved that email or remembered everything we tried on and the sizes since she said she was keeping a record. So i...,6-vFychzr
https://mmlafleur.com/products/antonia-ivory,ANW3ALBXS,Antonia Faux Wrap Top - Eco Soft Wave :: Ivory,M.M.LaFleur,199.0,199.0,tops,78,2,1,3,9,63,2025-12-19,,,Hdu28,11sETAezT
https://mmlafleur.com/products/antonia-ivory,ANW3ALBXS,Antonia Faux Wrap Top - Eco Soft Wave :: Ivory,M.M.LaFleur,199.0,199.0,tops,78,2,1,3,9,63,2025-11-25,,,Appreciate the lining- not see through. Looks great with a skirt,lKbrys37n
https://mmlafleur.com/products/antonia-ivory,ANW3ALBXS,Antonia Faux Wrap Top - Eco Soft Wave :: Ivory,M.M.LaFleur,199.0,199.0,tops,78,2,1,3,9,63,2025-10-11,,,This top is gorgeous by itself or under a suit jacket. There is a built in camisole! I am petite and this is a great fit for me.,HaYzBe9Xy
https://mmlafleur.com/products/antonia-ivory,ANW3ALBXS,Antonia Faux Wrap Top - Eco Soft Wave :: Ivory,M.M.LaFleur,199.0,199.0,tops,78,2,1,3,9,63,2025-10-10,,,Great top,s3pTS01nq
https://mmlafleur.com/products/antonia-ivory,ANW3ALBXS,Antonia Faux Wrap Top - Eco Soft Wave :: Ivory,M.M.LaFleur,199.0,199.0,tops,78,2,1,3,9,63,2025-09-10,,,Great quality and fit,DklGZRhy0
https://mmlafleur.com/products/antonia-ivory,ANW3ALBXS,Antonia Faux Wrap Top - Eco Soft Wave :: Ivory,M.M.LaFleur,199.0,199.0,tops,78,2,1,3,9,63,2025-09-01,,,All worked smoothly and perfectly,dCzP4g1MQ
https://mmlafleur.com/products/antonia-ivory,ANW3ALBXS,Antonia Faux Wrap Top - Eco Soft Wave :: Ivory,M.M.LaFleur,199.0,199.0,tops,78,2,1,3,9,63,2025-08-05,,,"It’s a very nice shirt, but don’t think I’ll wear it often. Will return.",41pA9VUw0
https://mmlafleur.com/products/antonia-ivory,ANW3ALBXS,Antonia Faux Wrap Top - Eco Soft Wave :: Ivory,M.M.LaFleur,199.0,199.0,tops,78,2,1,3,9,63,2025-08-02,,,Please let me know how I can return this.,qn3GAENFe
https://mmlafleur.com/products/antonia-ivory,ANW3ALBXS,Antonia Faux Wrap Top - Eco Soft Wave :: Ivory,M.M.LaFleur,199.0,199.0,tops,78,2,1,3,9,63,2025-07-23,,,"Why did I wait so long to purchase this top?!?!? It is a dream. It works with jeans, suits, and everything in between. And the neckline is perfection for a pendant necklace.",XAQJVxn8h
https://mmlafleur.com/products/antonia-ivory,ANW3ALBXS,Antonia Faux Wrap Top - Eco Soft Wave :: Ivory,M.M.LaFleur,199.0,199.0,tops,78,2,1,3,9,63,2025-07-15,,,I really like the style and cut. It’s very flattering.  But the fabric is not as nice as the version I bought a couple years ago.,0WhRAY3GC
https://mmlafleur.com/products/antonia-ivory,ANW3ALBXS,Antonia Faux Wrap Top - Eco Soft Wave :: Ivory,M.M.LaFleur,199.0,199.0,tops,78,2,1,3,9,63,2025-07-14,,,Great basic top.,4r1cmfazGn
https://mmlafleur.com/products/antonia-ivory,ANW3ALBXS,Antonia Faux Wrap Top - Eco Soft Wave :: Ivory,M.M.LaFleur,199.0,199.0,tops,78,2,1,3,9,63,2025-07-14,,Beautiful top. Very classy. Soft material. Not a see through. Goes with everything.,Highly recommended it.,bhwbRMqSP
https://mmlafleur.com/products/antonia-ivory,ANW3ALBXS,Antonia Faux Wrap Top - Eco Soft Wave :: Ivory,M.M.LaFleur,199.0,199.0,tops,78,2,1,3,9,63,2025-07-14,,,It’s perfect.,87ANc-7EU5
https://mmlafleur.com/products/antonia-ivory,ANW3ALBXS,Antonia Faux Wrap Top - Eco Soft Wave :: Ivory,M.M.LaFleur,199.0,199.0,tops,78,2,1,3,9,63,2025-07-14,,,"Love this top! I wish it tucked in a bit better, but it’s definitely a regular in my rotation.",jDktq4ypf
https://mmlafleur.com/products/antonia-ivory,ANW3ALBXS,Antonia Faux Wrap Top - Eco Soft Wave :: Ivory,M.M.LaFleur,199.0,199.0,tops,78,2,1,3,9,63,2025-07-14,,,Absolutely beautiful - and washes like a dream.  I am delighted with this purchase.,mY4kIc-3G
https://mmlafleur.com/products/antonia-ivory,ANW3ALBXS,Antonia Faux Wrap Top - Eco Soft Wave :: Ivory,M.M.LaFleur,199.0,199.0,tops,78,2,1,3,9,63,2025-07-13,,,My third color of this top. It always looks nice.,Rm0oi-XzZ
https://mmlafleur.com/products/antonia-ivory,ANW3ALBXS,Antonia Faux Wrap Top - Eco Soft Wave :: Ivory,M.M.LaFleur,199.0,199.0,tops,78,2,1,3,9,63,2025-06-19,,,I&#x27;ve seen this top for years on MM and never been drawn to it. My bento stylist recommended it and I do not know why I have not already owned this top. It&#x27;s SO flattering on and could be worn to the office or with jeans.,9D7K4YbWTF1
https://mmlafleur.com/products/antonia-ivory,ANW3ALBXS,Antonia Faux Wrap Top - Eco Soft Wave :: Ivory,M.M.LaFleur,199.0,199.0,tops,78,2,1,3,9,63,2025-06-10,,,a piece that can go anywhere,eNvSAsXRcAj
https://mmlafleur.com/products/antonia-ivory,ANW3ALBXS,Antonia Faux Wrap Top - Eco Soft Wave :: Ivory,M.M.LaFleur,199.0,199.0,tops,78,2,1,3,9,63,2025-06-03,,,I need a smaller size,HKOqngR-U_
https://mmlafleur.com/products/antonia-ivory,ANW3ALBXS,Antonia Faux Wrap Top - Eco Soft Wave :: Ivory,M.M.LaFleur,199.0,199.0,tops,78,2,1,3,9,63,2025-05-27,,,Super comfortable and perfect with a suit jacket.,Y8SV8Eqtoq
https://mmlafleur.com/products/antonia-ivory,ANW3ALBXS,Antonia Faux Wrap Top - Eco Soft Wave :: Ivory,M.M.LaFleur,199.0,199.0,tops,78,2,1,3,9,63,2025-05-13,,,I have this in white as well and may buy another one. Great shirt!,QJnkr_ERHnH
https://mmlafleur.com/products/antonia-ivory,ANW3ALBXS,Antonia Faux Wrap Top - Eco Soft Wave :: Ivory,M.M.LaFleur,199.0,199.0,tops,78,2,1,3,9,63,2025-04-27,,,A little snug but will look perfect under the Moreland travel jacket! Psyched!,Og2-rqFQZ5q
https://mmlafleur.com/products/antonia-ivory,ANW3ALBXS,Antonia Faux Wrap Top - Eco Soft Wave :: Ivory,M.M.LaFleur,199.0,199.0,tops,78,2,1,3,9,63,2025-04-24,,,I love this top! I have it in 3 colors now and wish there were more.,2DLHwL7DXlV
https://mmlafleur.com/products/antonia-ivory,ANW3ALBXS,Antonia Faux Wrap Top - Eco Soft Wave :: Ivory,M.M.LaFleur,199.0,199.0,tops,78,2,1,3,9,63,2025-02-06,,,A classic elegant professional top.,MRxptad7zD4
https://mmlafleur.com/products/antonia-ivory,ANW3ALBXS,Antonia Faux Wrap Top - Eco Soft Wave :: Ivory,M.M.LaFleur,199.0,199.0,tops,78,2,1,3,9,63,2025-01-31,,,Gorgeous!,2XeFH0uRKIh
https://mmlafleur.com/products/antonia-ivory,ANW3ALBXS,Antonia Faux Wrap Top - Eco Soft Wave :: Ivory,M.M.LaFleur,199.0,199.0,tops,78,2,1,3,9,63,2024-10-26,,Wonderful. Please make more colors,Wonderful. Please make more colors,YlTVnR0hCKd
https://mmlafleur.com/products/antonia-ivory,ANW3ALBXS,Antonia Faux Wrap Top - Eco Soft Wave :: Ivory,M.M.LaFleur,199.0,199.0,tops,78,2,1,3,9,63,2024-09-29,,,Love this top. Need it in more colors!,yvDGLurJ_4as
https://mmlafleur.com/products/antonia-ivory,ANW3ALBXS,Antonia Faux Wrap Top - Eco Soft Wave :: Ivory,M.M.LaFleur,199.0,199.0,tops,78,2,1,3,9,63,2024-07-23,,Love the black; want to love the alabaster,"I love this black top so much! Only I know how many times I wear it without laundering, and I&#x27;m not telling. ;) It goes with everything, is comfortable and super classy. I loved it so much I bought the alabaster...which is a makeup magnet. It&#x27;s hard to get this top on and off without rubbing your face, and I have yet to be able to wear it more than once because of this. In fact, this morning I wanted to wear it; put it on over a clean face; s...",trH36v-0myJo
https://mmlafleur.com/products/antonia-ivory,ANW3ALBXS,Antonia Faux Wrap Top - Eco Soft Wave :: Ivory,M.M.LaFleur,199.0,199.0,tops,78,2,1,3,9,63,2024-07-10,,Instant Favorite!,"Scooped this up on sale recently and it’s a perfect go-to top for summer heat. I can see it transitioning well into fall and winter, too. Solid underpinning, but structured enough to wear alone.",YlxDefZdS1Rt
https://mmlafleur.com/products/antonia-ivory,ANW3ALBXS,Antonia Faux Wrap Top - Eco Soft Wave :: Ivory,M.M.LaFleur,199.0,199.0,tops,78,2,1,3,9,63,2024-06-20,,Basic color and versatile style!,I love this top! I just realized I have it in a total of 4 colors. I was missing in this color however. I am working at getting the very basic versatile colors back in my wardrobe.,_BIVo4hfvMvl
https://mmlafleur.com/products/antonia-ivory,ANW3ALBXS,Antonia Faux Wrap Top - Eco Soft Wave :: Ivory,M.M.LaFleur,199.0,199.0,tops,78,2,1,3,9,63,2024-06-06,,Loved it; bought a second color,"So good I decided to buy it in another color. Classy, lined, nice top.",kGEx3EtRqCk
https://mmlafleur.com/products/antonia-ivory,ANW3ALBXS,Antonia Faux Wrap Top - Eco Soft Wave :: Ivory,M.M.LaFleur,199.0,199.0,tops,78,2,1,3,9,63,2024-04-16,,Couldn&#x27;t be Happier,"I love the color, fabric quality and fit of the Emily dress. I read the description of each item I purchased and ordered with trepidation. Everything I ordered fits perfectly and is of good fabric quality and workmanship. I am so pleased with all my purchased.",nNFQ2qnWpEkY
https://mmlafleur.com/products/antonia-ivory,ANW3ALBXS,Antonia Faux Wrap Top - Eco Soft Wave :: Ivory,M.M.LaFleur,199.0,199.0,tops,78,2,1,3,9,63,2024-02-09,,Classic Style,This blouse is everything! Great alone or under a jacket or blazer for work or casual. The fabric looks and feels great. Classic and classy.,y2FezeAv45-
https://mmlafleur.com/products/antonia-ivory,ANW3ALBXS,Antonia Faux Wrap Top - Eco Soft Wave :: Ivory,M.M.LaFleur,199.0,199.0,tops,78,2,1,3,9,63,2024-02-04,,,I got this top in both alabaster and black to have something nice to wear on its own or under a cardigan or blazer. I like that you can wear it tucked or untucked for 2 different looks and both are tidy. Easy basic piece.,mqYY-ThSOGk
https://mmlafleur.com/products/antonia-ivory,ANW3ALBXS,Antonia Faux Wrap Top - Eco Soft Wave :: Ivory,M.M.LaFleur,199.0,199.0,tops,78,2,1,3,9,63,2023-12-30,,,Slam dunk! Will probably wear this 3x per week.,d0tCQPPeWnIA
https://mmlafleur.com/products/antonia-ivory,ANW3ALBXS,Antonia Faux Wrap Top - Eco Soft Wave :: Ivory,M.M.LaFleur,199.0,199.0,tops,78,2,1,3,9,63,2023-06-05,,Not quite,"As a short person, this didn&#x27;t hit me right at the hips.",r_HeCESo_gyk
https://mmlafleur.com/products/antonia-ivory,ANW3ALBXS,Antonia Faux Wrap Top - Eco Soft Wave :: Ivory,M.M.LaFleur,199.0,199.0,tops,78,2,1,3,9,63,2023-04-04,,,"This is a beautiful blouse that drapes well, washes easily. I have 2 in this color alone!",VMxsmLjVDfMK
https://mmlafleur.com/products/antonia-ivory,ANW3ALBXS,Antonia Faux Wrap Top - Eco Soft Wave :: Ivory,M.M.LaFleur,199.0,199.0,tops,78,2,1,3,9,63,2023-02-07,,,Versatile able to wear tucked in or out. Lovely drape,hQK7nWYzu25
https://mmlafleur.com/products/antonia-ivory,ANW3ALBXS,Antonia Faux Wrap Top - Eco Soft Wave :: Ivory,M.M.LaFleur,199.0,199.0,tops,78,2,1,3,9,63,2022-12-22,,Great if you don&#x27;t want to show any cleavage at all,"The neckline is too high by about 3 inches - I will have to get it tailored, but is a great piece otherwise! Fits true to size. Style is elegant and multipurpose. I would love to see this with higher quality fabrics, as this piece deserves better than polyester.",p_FwKdLXNvq
https://mmlafleur.com/products/antonia-ivory,ANW3ALBXS,Antonia Faux Wrap Top - Eco Soft Wave :: Ivory,M.M.LaFleur,199.0,199.0,tops,78,2,1,3,9,63,2022-12-17,,,"Beautiful soft fabric, elegant cut.",v-QsIzZ6yvx
https://mmlafleur.com/products/antonia-ivory,ANW3ALBXS,Antonia Faux Wrap Top - Eco Soft Wave :: Ivory,M.M.LaFleur,199.0,199.0,tops,78,2,1,3,9,63,2022-12-17,,Capsule Wardrobe Must-Have!,I wouldn&#x27;t change a single detail on the Antonia Top - an elegant and versatile blouse with an excellent cut in a gorgeous fabric! This top is a capsule wardrobe must-have!,IXfa8YBl4Jy
https://mmlafleur.com/products/antonia-ivory,ANW3ALBXS,Antonia Faux Wrap Top - Eco Soft Wave :: Ivory,M.M.LaFleur,199.0,199.0,tops,78,2,1,3,9,63,2022-12-14,,Unique Piece,I love that this top is so different from anything I own! I do wish that there was one more tac bc it lays a little funny in the front.,bU5FvCExHMf
https://mmlafleur.com/products/antonia-ivory,ANW3ALBXS,Antonia Faux Wrap Top - Eco Soft Wave :: Ivory,M.M.LaFleur,199.0,199.0,tops,78,2,1,3,9,63,2022-10-28,,,I have this top in 3 colors and love it.,9GWMgN10K8y
https://mmlafleur.com/products/antonia-ivory,ANW3ALBXS,Antonia Faux Wrap Top - Eco Soft Wave :: Ivory,M.M.LaFleur,199.0,199.0,tops,78,2,1,3,9,63,2022-10-23,,,"The website said this top is petite friendly and was too long for me, I am 5&#x27;1&quot;.",KIH_0XrYROa
https://mmlafleur.com/products/antonia-ivory,ANW3ALBXS,Antonia Faux Wrap Top - Eco Soft Wave :: Ivory,M.M.LaFleur,199.0,199.0,tops,78,2,1,3,9,63,2022-09-26,,,Wardrobe staple. Perfect fit and a color that goes with everything,s2GfrqQI3APz
https://mmlafleur.com/products/antonia-ivory,ANW3ALBXS,Antonia Faux Wrap Top - Eco Soft Wave :: Ivory,M.M.LaFleur,199.0,199.0,tops,78,2,1,3,9,63,2022-08-13,,Great buy!,"Great top, great fabric, great color. Love the fact that the V-neck is cut a bit lower, as I often find M.M. tips and dresses are cut much too close to the neck which on my body is quite unflattering.",rjOhZpK9Y9Cb
https://mmlafleur.com/products/antonia-ivory,ANW3ALBXS,Antonia Faux Wrap Top - Eco Soft Wave :: Ivory,M.M.LaFleur,199.0,199.0,tops,78,2,1,3,9,63,2022-07-07,,,"I have this in two colors. Love the feel, the drape of the fabric as well. The V-neck is flattering under suit jackets. I am a 34A and the XS was perfect for me.",EBsqu6qhM5xD
https://mmlafleur.com/products/antonia-ivory,ANW3ALBXS,Antonia Faux Wrap Top - Eco Soft Wave :: Ivory,M.M.LaFleur,199.0,199.0,tops,78,2,1,3,9,63,2022-06-26,,Elegant top,"Such an elegant top. I had to return for a size smaller than my usual size but am otherwise, very happy with this purchase.",CeyLMs207qf
https://mmlafleur.com/products/antonia-ivory,ANW3ALBXS,Antonia Faux Wrap Top - Eco Soft Wave :: Ivory,M.M.LaFleur,199.0,199.0,tops,78,2,1,3,9,63,2022-05-20,,Great | Classic,Beautiful top. Classic style. Material is perfect for spring/summer office and can be used all year long. Great service. Medium fit me well (I like tops slightly loose). 5’7” 135 lbs,_Y57gCZFR9Np
https://mmlafleur.com/products/antonia-ivory,ANW3ALBXS,Antonia Faux Wrap Top - Eco Soft Wave :: Ivory,M.M.LaFleur,199.0,199.0,tops,78,2,1,3,9,63,2022-05-14,,,Super stylish!,V9eOYt_0vLQV
https://mmlafleur.com/products/antonia-ivory,ANW3ALBXS,Antonia Faux Wrap Top - Eco Soft Wave :: Ivory,M.M.LaFleur,199.0,199.0,tops,78,2,1,3,9,63,2021-07-08,,,Not your average white blouse. I get compliments every time I wear it!,Z_lh2rHqQ0bN
https://mmlafleur.com/products/antonia-ivory,ANW3ALBXS,Antonia Faux Wrap Top - Eco Soft Wave :: Ivory,M.M.LaFleur,199.0,199.0,tops,78,2,1,3,9,63,2019-11-18,,Beautiful top,The color and fit of this top is beautiful!,ECKmw88DEkGr
https://mmlafleur.com/products/antonia-ivory,ANW3ALBXS,Antonia Faux Wrap Top - Eco Soft Wave :: Ivory,M.M.LaFleur,199.0,199.0,tops,78,2,1,3,9,63,2019-11-15,,Comfort and class,I like the looser style while still looking professional at the same time. I also like that it doesn’t wrinkle too easily.,MyGfYvQ5X2eX
https://mmlafleur.com/products/antonia-ivory,ANW3ALBXS,Antonia Faux Wrap Top - Eco Soft Wave :: Ivory,M.M.LaFleur,199.0,199.0,tops,78,2,1,3,9,63,2019-10-29,,Just what I was looking for!,"Wanted a black top that was very versatile. It looks good, fits well, and is well-made.",jgQlaMQxg8z
https://mmlafleur.com/products/clemens-white,CLE2WITXS,Clemens Flex Shirt - Knit Poplin :: White,M.M.LaFleur,239.0,239.0,tops,52,1,2,2,13,34,2026-06-23,,,"Great cut/form, quality fabric, good fit with extra (hidden) buttons near bust. I am 5’1”, 125 lbs, longer torso, short legs, curvy.",yESw7zQyc
https://mmlafleur.com/products/clemens-white,CLE2WITXS,Clemens Flex Shirt - Knit Poplin :: White,M.M.LaFleur,239.0,239.0,tops,52,1,2,2,13,34,2026-03-28,,,"I am a 36F and ordered a XXL after reading reviews. This shirt runs incredibly small. It fits me in the shoulders, the arms are not too long, the shirt itself is a little bit long on me, and it is snug across the bust line, but absolutely wearable thanks to a couple hidden buttons. It looks better on me worn open with a tank under it. It’s great fabric. I love the stretch.",bXUXZXt4a
https://mmlafleur.com/products/clemens-white,CLE2WITXS,Clemens Flex Shirt - Knit Poplin :: White,M.M.LaFleur,239.0,239.0,tops,52,1,2,2,13,34,2026-04-27,,,"Great shirt, fabric seems a bit casual but good quality. Perfect for day to day going to the office",6tTvt6lGB
https://mmlafleur.com/products/clemens-white,CLE2WITXS,Clemens Flex Shirt - Knit Poplin :: White,M.M.LaFleur,239.0,239.0,tops,52,1,2,2,13,34,2026-03-06,,,"This shirt (navy) runs very small. Size up one or two sizes. It is small across the shoulders and the arms are cut slim. Yes, it stretches, but the cut of the shirt is such that there is no pleat to allow for movement when you move or raise your arms.  That said, the fabric is amazing and it is probably one of the sharpest looking shirts I own.  I just won’t be wearing it on days where I’m going to be raising my arms a lot higher than my shoulders.",67REroSZl
https://mmlafleur.com/products/clemens-white,CLE2WITXS,Clemens Flex Shirt - Knit Poplin :: White,M.M.LaFleur,239.0,239.0,tops,52,1,2,2,13,34,2026-02-26,,,"Wore it as styled with the Plaka skirt, the day after it arrived! Love all the poplin knits, and so glad to finally have the Clemens in a darker color.",TW5zkBZeb
https://mmlafleur.com/products/clemens-white,CLE2WITXS,Clemens Flex Shirt - Knit Poplin :: White,M.M.LaFleur,239.0,239.0,tops,52,1,2,2,13,34,2026-03-20,,,Nice quality blouse that fits well. I appreciate the long sleeves! The color is rich and as expected. I gave it a 4 because the fabric is rougher than I expected. I’m hoping it will soften more in time.,nJch04IXD
https://mmlafleur.com/products/clemens-white,CLE2WITXS,Clemens Flex Shirt - Knit Poplin :: White,M.M.LaFleur,239.0,239.0,tops,52,1,2,2,13,34,2026-03-04,,,Absolutely beautiful. The design is so flattering and material so comfortable; understated elegance. I usually take a large but had to size up to give me the room that I desire.,-_1Q4KPtR
https://mmlafleur.com/products/clemens-white,CLE2WITXS,Clemens Flex Shirt - Knit Poplin :: White,M.M.LaFleur,239.0,239.0,tops,52,1,2,2,13,34,2026-02-22,,,"Love this shirt!  Wish it came in other colors (a cream color would be nice).  I love a button-down shirt, but I don't like them too boxy.  The Clemens is the perfectly tailored button-down for an hourglass shape.  It does run a bit small.  I took my larger MM size and I probably could have gone up one more size and it still would have fit.",rTr6BjtqC
https://mmlafleur.com/products/clemens-white,CLE2WITXS,Clemens Flex Shirt - Knit Poplin :: White,M.M.LaFleur,239.0,239.0,tops,52,1,2,2,13,34,2026-02-26,,Fits me perfectly. I ordered,The small at first since That is my usual size but returned it for a medium which looks amazing. The details are great I wish there were more colors available,56eQ-mxbm
https://mmlafleur.com/products/clemens-white,CLE2WITXS,Clemens Flex Shirt - Knit Poplin :: White,M.M.LaFleur,239.0,239.0,tops,52,1,2,2,13,34,2026-09-20,,,"Ok, this is a fantastic shirt, BUT it runs small. They said they fixed the sizing issue but just sent it back because it was not fixed. I have the navy and I love it! So I ordered the white, thinking that it was fixed. I’ll just have to wait till my size comes back in stock.",tIVtiEOeH
https://mmlafleur.com/products/clemens-white,CLE2WITXS,Clemens Flex Shirt - Knit Poplin :: White,M.M.LaFleur,239.0,239.0,tops,52,1,2,2,13,34,2026-09-03,,,"Please be clearer about sizing feedback and actual fit on your website.  IN other mmlafleur I wear medium shirts.   This one runs small for me.  I ordered a M, but needed an L OR XL.  I am busy and traveling and missed return deadline which could be longer.  This shirt does not fit - runs small.  I have a brand new $250 shirt sitting in the Goodwill pile.",pAdcTMeAh
https://mmlafleur.com/products/clemens-white,CLE2WITXS,Clemens Flex Shirt - Knit Poplin :: White,M.M.LaFleur,239.0,239.0,tops,52,1,2,2,13,34,2026-01-14,,Sizing tip: size up at least one size!,"This shirt looks and feels comfortable while still looking sharp and structured. Under a jacket / sweater or as a standalone, the darting gives it visual interest and the fit is a dream.",AmzV4-5LU
https://mmlafleur.com/products/clemens-white,CLE2WITXS,Clemens Flex Shirt - Knit Poplin :: White,M.M.LaFleur,239.0,239.0,tops,52,1,2,2,13,34,2026-08-11,,,Widen the sleeve circumference at the elbow and slightly increase in length.  I cannot bend my arm comfortably in this sleeve....which is completely odd for me.,F7x8yKp3WU
https://mmlafleur.com/products/clemens-white,CLE2WITXS,Clemens Flex Shirt - Knit Poplin :: White,M.M.LaFleur,239.0,239.0,tops,52,1,2,2,13,34,2026-05-18,,,Perfect for!!!,7oCfZUskN
https://mmlafleur.com/products/clemens-white,CLE2WITXS,Clemens Flex Shirt - Knit Poplin :: White,M.M.LaFleur,239.0,239.0,tops,52,1,2,2,13,34,2026-03-23,,,Very nice quality and design.  Can't wait to wear it!,yE76mzTkx
https://mmlafleur.com/products/clemens-white,CLE2WITXS,Clemens Flex Shirt - Knit Poplin :: White,M.M.LaFleur,239.0,239.0,tops,52,1,2,2,13,34,2026-02-13,,,"This shirt runs ridiculously small. I have a closet full of MM LaFleur and it is typically true to size. I ordered a size large in this shirt, in two colors. It fits two sizes too small. I love the shirt style and fabric. Sending both back. So disappointed.",9L6GtE59r
https://mmlafleur.com/products/clemens-white,CLE2WITXS,Clemens Flex Shirt - Knit Poplin :: White,M.M.LaFleur,239.0,239.0,tops,52,1,2,2,13,34,2025-11-15,,I finally wore my white clemens knit poplin blouse.,"I can’t say enough about how much I love it. It’s soft and dressy and fits wonderfully. I wish you had it in other colors. I’d get all of them. I’m on the waitlist for the hydrangeas, also  in medium. Hope you get it in. What are the chances?",591pbabIi
https://mmlafleur.com/products/clemens-white,CLE2WITXS,Clemens Flex Shirt - Knit Poplin :: White,M.M.LaFleur,239.0,239.0,tops,52,1,2,2,13,34,2025-10-30,,,I love the feel (soft) and stretch of this fabric. It looks sharp and is comfortable to wear. I had to size up one size from my regular size as it was a bit smaller than my other MM Lafluer shirts in the chest and shoulders.,5evWNU5MR
https://mmlafleur.com/products/clemens-white,CLE2WITXS,Clemens Flex Shirt - Knit Poplin :: White,M.M.LaFleur,239.0,239.0,tops,52,1,2,2,13,34,2025-08-26,,,very versatle work and casual blouse,7eAIysdUW
https://mmlafleur.com/products/clemens-white,CLE2WITXS,Clemens Flex Shirt - Knit Poplin :: White,M.M.LaFleur,239.0,239.0,tops,52,1,2,2,13,34,2025-07-14,,,Likeit,E9KaN4vsZ
https://mmlafleur.com/products/clemens-white,CLE2WITXS,Clemens Flex Shirt - Knit Poplin :: White,M.M.LaFleur,239.0,239.0,tops,52,1,2,2,13,34,2025-07-13,,,Comfortable and love fabric and length of cuffs. Love the quality of all your garments!,0S8u5st9a
https://mmlafleur.com/products/clemens-white,CLE2WITXS,Clemens Flex Shirt - Knit Poplin :: White,M.M.LaFleur,239.0,239.0,tops,52,1,2,2,13,34,2025-07-13,,,"I love the color, fabric and style of this shirt, but it runs exceptionally small. I am typically a medium and sometimes can wear a small, but I ordered a large and it is tight. It was not returnable so I'm keeping it to give away.",PYyqfUhpa
https://mmlafleur.com/products/clemens-white,CLE2WITXS,Clemens Flex Shirt - Knit Poplin :: White,M.M.LaFleur,239.0,239.0,tops,52,1,2,2,13,34,2025-07-13,,,Already my favorite shirt after wearing it twice! I get tons of compliments in it. This shirt looks professional and yet feels so comfortable!,EBIkqRuJh
https://mmlafleur.com/products/clemens-white,CLE2WITXS,Clemens Flex Shirt - Knit Poplin :: White,M.M.LaFleur,239.0,239.0,tops,52,1,2,2,13,34,2025-07-13,,,"Beautiful fabric, and well made. Not five stars because the upper arm is weirdly tight which is not a problem I typically have with dress shirts (even fitted ones)",2gGBCNTMF
https://mmlafleur.com/products/clemens-white,CLE2WITXS,Clemens Flex Shirt - Knit Poplin :: White,M.M.LaFleur,239.0,239.0,tops,52,1,2,2,13,34,2025-07-13,,,"Love the hydrangea color and style of this shirt. Perfect by itself for business casual days at work or with a blazer for regular days in the office. The only thing is it looks great when you first wear it but, after I washed it in cold water in the delicate cycle and hung it up to dry, I had to iron it and afterward it didn't look as crisp as it did originally. So I'm not sure this should be washed; dry cleaning would be better. And though the description says you don't have to size up, I had t...",hzm8mw--Y
https://mmlafleur.com/products/clemens-white,CLE2WITXS,Clemens Flex Shirt - Knit Poplin :: White,M.M.LaFleur,239.0,239.0,tops,52,1,2,2,13,34,2025-07-13,,,"I love the look and I love the material. The blouse, however, is a little tight in the chest.  I usually wear a six or a small.",wfgDk7ID3
https://mmlafleur.com/products/clemens-white,CLE2WITXS,Clemens Flex Shirt - Knit Poplin :: White,M.M.LaFleur,239.0,239.0,tops,52,1,2,2,13,34,2025-05-13,,,I got my usual XS and it looks great tucked in or untucked. I really enjoy the knit poplin fabric it’s super soft and comfortable. And the light blue is perfect I find it’s a bit more richly colored than the pictures do justice.,seqYpxrZMfV
https://mmlafleur.com/products/clemens-white,CLE2WITXS,Clemens Flex Shirt - Knit Poplin :: White,M.M.LaFleur,239.0,239.0,tops,52,1,2,2,13,34,2025-05-03,,,"Love this shirt- it is super comfortable, soft and looks crisp even though it is a knit. It would be great to have in more colors.",wIjPfjcVy3
https://mmlafleur.com/products/clemens-white,CLE2WITXS,Clemens Flex Shirt - Knit Poplin :: White,M.M.LaFleur,239.0,239.0,tops,52,1,2,2,13,34,2025-05-01,,,"I’m getting lots of compliments on this — it is VERY fitted, so take that into account when ordering. The only thing that prevents this from being a five star review is that the upper arms are too tight. Not enough to return it but enough to make me slightly self conscious. Everything else is great. I love the fabric and the color is gorgeous",7HPja0xXKst
https://mmlafleur.com/products/clemens-white,CLE2WITXS,Clemens Flex Shirt - Knit Poplin :: White,M.M.LaFleur,239.0,239.0,tops,52,1,2,2,13,34,2025-04-30,,,"Love it! First, fabric and hydrangea color fabulous. While the Filomena in the XS swam on me, the size S fit me perfectly in this. For comparison, I wear a size 2 Etsuko dress, size 2 Yiyan blazer, XS Antoinia top and XS Nora top. Size M preference in Axam turtleneck and other similar ribbed knit tops.",bfCeUhQCPe
https://mmlafleur.com/products/clemens-white,CLE2WITXS,Clemens Flex Shirt - Knit Poplin :: White,M.M.LaFleur,239.0,239.0,tops,52,1,2,2,13,34,2025-04-28,,,Love it!,eeTKQdcx-HG
https://mmlafleur.com/products/clemens-white,CLE2WITXS,Clemens Flex Shirt - Knit Poplin :: White,M.M.LaFleur,239.0,239.0,tops,52,1,2,2,13,34,2025-04-26,,,A definite staple that everyone should own. The fit is perfect and the fabric is comfortable. The hidden buttons are genius. Please release in other colors.,_2epGFM8o26
https://mmlafleur.com/products/clemens-white,CLE2WITXS,Clemens Flex Shirt - Knit Poplin :: White,M.M.LaFleur,239.0,239.0,tops,52,1,2,2,13,34,2025-04-24,,,I love the material.,AnMuoK7me-M
https://mmlafleur.com/products/clemens-white,CLE2WITXS,Clemens Flex Shirt - Knit Poplin :: White,M.M.LaFleur,239.0,239.0,tops,52,1,2,2,13,34,2025-04-12,,,I am in love with this shirt. This color is perfect and I love the stretch and flexibility in this shirt. I did size up one size as I think it runs small.,EpWdtlp9Pf
https://mmlafleur.com/products/clemens-white,CLE2WITXS,Clemens Flex Shirt - Knit Poplin :: White,M.M.LaFleur,239.0,239.0,tops,52,1,2,2,13,34,2025-04-03,,Clemens a winner,"Wanted a more fitted shirt to tuck in. Usually wear 6 or small in MM tops. Clemens small was too small, medium was a great fit, not too big anywhere. Got white with 20% discount. Paid full price for hydrangea, a beautiful color, Love two extra hidden buttons to avoid the gap. Will launder them with care and hope they stay as nice as they are now.",lx4uLnDDZee
https://mmlafleur.com/products/clemens-white,CLE2WITXS,Clemens Flex Shirt - Knit Poplin :: White,M.M.LaFleur,239.0,239.0,tops,52,1,2,2,13,34,2025-03-29,,MM Magic Yet Again,"This shirt is magical, who would have thought MM could elevate a basic button down to the point where I love it so much?? Fabric is luxe and gives really well, the hydrangea is a gorgeous color, fit is on point and I love the way the cuffs flip up and stay put, feels very modern and chic. Already added the white version of this shirt to my cart! Pieces like this are what keep me coming back to MM and paying more than $200 for a shirt, it&#x27;s just so thoughtfully designed f...",eO0z12o6ezw
https://mmlafleur.com/products/clemens-white,CLE2WITXS,Clemens Flex Shirt - Knit Poplin :: White,M.M.LaFleur,239.0,239.0,tops,52,1,2,2,13,34,2025-03-26,,,Super sharp and comfy. True to size.,aPNwvowUYFaQ
https://mmlafleur.com/products/clemens-white,CLE2WITXS,Clemens Flex Shirt - Knit Poplin :: White,M.M.LaFleur,239.0,239.0,tops,52,1,2,2,13,34,2025-03-18,,,"Exchanged for size medium, because the shoulders were too large.",8jbqOveidQ1
https://mmlafleur.com/products/clemens-white,CLE2WITXS,Clemens Flex Shirt - Knit Poplin :: White,M.M.LaFleur,239.0,239.0,tops,52,1,2,2,13,34,2025-03-18,,,"Exchanged for size medium, because the shoulders were too large.",bgV53MGEt7nO
https://mmlafleur.com/products/clemens-white,CLE2WITXS,Clemens Flex Shirt - Knit Poplin :: White,M.M.LaFleur,239.0,239.0,tops,52,1,2,2,13,34,2025-02-03,,,Great quality and beautiful drape and fit. beautiful buttons and seams.,va3PmPXcvE0
https://mmlafleur.com/products/clemens-white,CLE2WITXS,Clemens Flex Shirt - Knit Poplin :: White,M.M.LaFleur,239.0,239.0,tops,52,1,2,2,13,34,2025-01-31,,,Love the material. Fit is close to the body and takes some adjusting to get it to lie right. Love the extra hidden buttons in the front to prevent gapping. Looks good tucked in or left out. Hope to see this in other colors!,O-kI1cogds-
https://mmlafleur.com/products/clemens-white,CLE2WITXS,Clemens Flex Shirt - Knit Poplin :: White,M.M.LaFleur,239.0,239.0,tops,52,1,2,2,13,34,2025-01-13,,,"Great shirt but I unfortunately had to return it because I found it to be a bit too snug. I initially bought a medium in the 1. 0 version. After the 2. 0 was released, I purchased my usual size small, but felt that it was still too snug in the shoulders and arms. I always wear a size small in MM, so perhaps this isn&#x27;t the right cut for me; I don&#x27;t tend to wear close-fitting tops. I love this fabric and will try the newly released looser fitting option.",oEXBtK83yNv
https://mmlafleur.com/products/clemens-white,CLE2WITXS,Clemens Flex Shirt - Knit Poplin :: White,M.M.LaFleur,239.0,239.0,tops,52,1,2,2,13,34,2024-10-12,,,very nice styling and fabric,cEPZS-YgGjy
https://mmlafleur.com/products/clemens-white,CLE2WITXS,Clemens Flex Shirt - Knit Poplin :: White,M.M.LaFleur,239.0,239.0,tops,52,1,2,2,13,34,2024-07-06,,A unique button up,"There are 2 hidden buttons, both of which are surprisingly easy to fasten and unfasten. The fabric definitely has a look of a woven poplin and has the feel of a knit (like a polo). Those curious with the fabric might conclude that it could be considered in between what&#x27;s considered a knit and what is a weave, if I&#x27;m not mistaken. It has the classic fit (slim fit for some others) appropriate for work.",x5Ym0tPGjAYM
https://mmlafleur.com/products/clemens-white,CLE2WITXS,Clemens Flex Shirt - Knit Poplin :: White,M.M.LaFleur,239.0,239.0,tops,52,1,2,2,13,34,2024-04-14,,Love!,"Fits perfectly, one size up from usual. Wish it came in more colors!",DT2cCoeCSTvY
https://mmlafleur.com/products/clemens-white,CLE2WITXS,Clemens Flex Shirt - Knit Poplin :: White,M.M.LaFleur,239.0,239.0,tops,52,1,2,2,13,34,2024-04-05,,Beautiful shirt!,Beautiful fabric and cut. Runs small. I typically wear a small or medium and kept a size large.,JpBKVO5irrR
https://mmlafleur.com/products/clemens-white,CLE2WITXS,Clemens Flex Shirt - Knit Poplin :: White,M.M.LaFleur,239.0,239.0,tops,52,1,2,2,13,34,2024-04-01,,The buttondown I&#x27;ve always wanted! (Also size up one),"This shirt is amazing. I have always found typical buttondowns too stiff and cold, and they have always gaped at the chest on me. This top solves all those issues. The fabric is like heavy t-shirt fabric and it&#x27;s cozy to the touch. The fitted silhouette looks great on it&#x27;s own, open over a tank, or under a v-neck sweater or blazer. The length is spot-on: tuckable, or not. But what I like most are those two hidden buttons at th...",53m2zlkUDHa
https://mmlafleur.com/products/clemens-white,CLE2WITXS,Clemens Flex Shirt - Knit Poplin :: White,M.M.LaFleur,239.0,239.0,tops,52,1,2,2,13,34,2024-04-01,,Best white blouse,"This blouse is beautifully made with extra hidden buttons to prevent gapping in the front. Size small fit perfectly. I am 5 foot one bra, size 36.C",_3Jky5GmxoF
https://mmlafleur.com/products/clemens-white,CLE2WITXS,Clemens Flex Shirt - Knit Poplin :: White,M.M.LaFleur,239.0,239.0,tops,52,1,2,2,13,34,2024-03-30,,Great fabric - but collar too stiff,"This stretch poplin is comfortable, but the shirt sports heavy seams, and a stiff collar that didn’t sit nicely with my blazers - returning it.",rkMVQUj9k-H
https://mmlafleur.com/products/clemens-white,CLE2WITXS,Clemens Flex Shirt - Knit Poplin :: White,M.M.LaFleur,239.0,239.0,tops,52,1,2,2,13,34,2024-03-26,,I love this knit poplin,"The material is not see through at all, which is wonderful. And I love the hidden buttons so no gaps. It seemed to run small and I had to size up. This is one I will wear often with jeans and business wear. Would love more colors! Black, gray, navy, and some jewel tones.",UL-IZ45PdsS
https://mmlafleur.com/products/clemens-white,CLE2WITXS,Clemens Flex Shirt - Knit Poplin :: White,M.M.LaFleur,239.0,239.0,tops,52,1,2,2,13,34,2024-03-22,,Beautiful...runs a little small,"Absolutely gorgeous top, and I love the inside hidden buttons at the bust. As some reviewers had indicated it definitely runs true to size, or even a little small. Large is my regular size and fits well, but for a fitted looked (which I wanted).",FoXdbhEHhP_
https://mmlafleur.com/products/clemens-white,CLE2WITXS,Clemens Flex Shirt - Knit Poplin :: White,M.M.LaFleur,239.0,239.0,tops,52,1,2,2,13,34,2024-03-15,,Finally the perfect white buttondown,"I have been looking for such a shirt for years. Beautiful nonwrinkle fabric, great cut, buttons with perfect placement. The only criticism I have is that the sizing is a little off -- I initially ordered my usual XS size but it was a bit too snug so had to order a S.",nCjkGt6VzFM
