url,title,property_type,price,location,bedrooms,bathrooms,updated
https://www.qatarliving.com/en/properties/rent/residential/apartment/super_spacious_brand_new_2bhk_fully_furnished_old_airport_area/194448,SUPER SPACIOUS BRAND NEW 2BHK | FULLY FURNISHED | OLD AIRPORT AREA,Apartment,"5,000","Old Airport, Doha, Qatar",2 ,2 ,Updated 1 hours ago
https://www.qatarliving.com/en/properties/rent/residential/apartment/brand_new_semi_furnished_apartments_in_prime_location/103520,1 MONTH FREE | BRAND NEW SEMI FURNISHED APARTMENTS IN PRIME LOCATION,Apartment,"4,700","Madinat Khalifa South, Doha, Qatar",2 ,2 ,Updated 1 hours ago
https://www.qatarliving.com/en/properties/rent/residential/villa_apartment/ain_khaled_1bhk_2900_with_balcony_near_umm_al_saneem_park_family_october_video/291574,AIN KHALED 1BHK 2900 WITH BALCONY NEAR UMM AL SANEEM PARK FAMILY OCTOBER VIDEO,Villa Apartment,"2,900","Ain Khaled, Doha, Qatar",1 ,1 ,Updated 4 minutes ago
https://www.qatarliving.com/en/properties/rent/residential/apartment/2_bedroom_fully_furnished_apartment_for_rent_in_doha/292545,2-Bedroom Fully Furnished Apartment for Rent in Doha,Apartment,"4,800","Al Mansoura / Fereej Bin Dirham, Doha, Qatar",2 ,2 ,Updated 47 minutes ago
https://www.qatarliving.com/en/properties/rent/residential/villa_apartment/1bhk_1_bedroom_hall_with_kitchen_and_bathroom_with_with_split_ac/234977,"Nuija,Hilal 1bhk ,1 bedroom,hall With Kitchen and Bathroom  with with Split Ac",Villa Apartment,"2,300","Nuaija, Doha, Qatar",1 ,1 ,Updated 22 hours ago
https://www.qatarliving.com/en/properties/rent/residential/apartment/1-month-freeelegant-1bhk-fully-furnished-prime-location-umm-ghwailinano-commission/2530513,1 MONTH FREE| 1BHK FULLY FURNISHED BEHIND JARIR BOOKSTORE| INCLUDING WIFI,Apartment,"3,300","Umm Ghwailina, Doha, Qatar",1 ,1 ,Updated 1 hours ago
https://www.qatarliving.com/en/properties/rent/residential/villa_apartment/1bhk_nuaija_zone_44_rent_3100_with_parking_ground_floor_video_october/292090,1BHK NUAIJA ZONE 44 RENT 3100 WITH PARKING GROUND FLOOR VIDEO OCTOBER,Villa Apartment,"3,100","Nuaija, Doha, Qatar",1 ,1 ,Updated 4 minutes ago
https://www.qatarliving.com/en/properties/rent/residential/villa_apartment/clean_studio_available_new_thumama_near_bsquare_mall_near_metro_link/290515,CLEAN STUDIO AVAILABLE NEW THUMAMA NEAR BSQUARE MALL NEAR METRO LINK,Villa Apartment,"1,800","Al Thumama, Doha, Qatar",Studio ,1 ,Updated 51 minutes ago
https://www.qatarliving.com/en/properties/rent/residential/apartment/ff_1bhk_all_bills_included_no_commission/262431,FF 1Bhk | All Bills Included | No Commission,Apartment,"4,000","Al Doha Al Jadeeda, Doha, Qatar",1 ,2 ,Updated 0 minutes ago
https://www.qatarliving.com/en/properties/rent/residential/apartment/2_bed_1_bath_executive_apartment_for_rent_in_old_airport/111091,2 bed 1 bath executive apartment for rent in old airport,Apartment,"4,100","Old Airport, Doha, Qatar",2 ,1 ,Updated 0 minutes ago
https://www.qatarliving.com/en/properties/rent/residential/apartment/1_month_free_2bhk_furnished_near_american_hospital_c_ring/165091,"1 MONTH FREE | 2BHK FURNISHED NEAR AMERICAN HOSPITAL, C-RING",Apartment,"4,000","Al Muntazah, Doha, Qatar",2 ,2 ,Updated 1 hours ago
https://www.qatarliving.com/en/properties/rent/residential/apartment/2bhk_for_family_al_mansura_area/275992,2BHK for Family Al Mansura Area,Apartment,"4,000","Al Mansoura / Fereej Bin Dirham, Doha, Qatar",2 ,2 ,Updated 0 minutes ago
https://www.qatarliving.com/en/properties/rent/residential/apartment/fully_furnished_studio_available_in_new_building/276486,FULLY FURNISHED STUDIO AVAILABLE IN NEW BUILDING,Apartment,"2,900","Old Airport, Doha, Qatar",Studio ,1 ,Updated 1 minutes ago
https://www.qatarliving.com/en/properties/rent/residential/apartment/very_nice_studio_for_rent_in_murikh_including_bill/240558,Very nice studio for rent in murikh including bill,Apartment,"2,500","Fereej Al Ameer / Muraikh, Doha, Qatar",1 ,1 ,Updated 0 minutes ago
https://www.qatarliving.com/en/properties/rent/residential/apartment/brand_new_semifurnished_apartment_with_balcony_in_old_airport/140379,BRAND NEW SEMIFURNISHED APARTMENT WITH BALCONY IN OLD AIRPORT,Apartment,"5,000","Al Hilal, Doha, Qatar",2 ,2 ,Updated 1 hours ago
https://www.qatarliving.com/en/properties/rent/residential/apartment/all-bills-including-1bhk-fully-furnished-near-corniche-no-commission/2440993,ALL BILLS INCLUDING 1BHK FULLY FURNISHED NEAR TO CORNICHE | NO COMMISSION,Apartment,"3,500","Umm Ghwailina, Doha, Qatar",1 ,1 ,Updated 1 hours ago
https://www.qatarliving.com/en/properties/rent/residential/villa/1_month_free_spacious_3br_maid_compound_villa_in_prime_location_near_almeera/114794,1 MONTH FREE |SPACIOUS 3BR+MAID COMPOUND VILLA IN PRIME LOCATION NEAR ALMEERA,Villa,"9,000","New Al Rayyan / Al Wajba, Doha, Qatar",3 ,4 ,Updated 1 hours ago
https://www.qatarliving.com/en/properties/rent/residential/apartment/elegant-2bhk-unfurnished-available-umm-ghuwailina/no-commission/1660301,2BHK UNFURNISHED IN UMM GHUWAILINA BEHIND THE PLAZA HOTEL /NO COMMISSION !!,Apartment,"3,800","Umm Ghwailina, Doha, Qatar",2 ,1 ,Updated 1 hours ago
https://www.qatarliving.com/en/properties/rent/residential/apartment/1_month_free_3bhk_unfurnished_in_bin_mahmoud_for_executives/84713,3BHK UNFURNISHED IN BIN MAHMOUD FOR EXECUTIVE BACHELORS,Apartment,"5,000","Fereej Bin Mahmoud, Doha, Qatar",3 ,3 ,Updated 1 hours ago
https://www.qatarliving.com/en/properties/rent/residential/apartment/1-month-freespacious-2bhk-unfurnished-available-near-qatar-national-museum-family/no-commission/2468686,SPACIOUS 2BHK UNFURNISHED NEAR QATAR NATIONAL MUSEUM,Apartment,"4,000","Old Al Hitmi, Doha, Qatar",2 ,2 ,Updated 1 hours ago
https://www.qatarliving.com/en/properties/rent/residential/apartment/1-month-free-2bhk-furnished-near-american-hospitalmunthazah-no-commission/2431165,"1 MONTH FREE | 2BHK FURNISHED NEAR AMERICAN HOSPITAL,MUNTHAZAH | NO COMMISSION",Apartment,"4,000","Al Muntazah, Doha, Qatar",2 ,1 ,Updated 1 hours ago
https://www.qatarliving.com/en/properties/rent/residential/apartment/amazing_ff1bd_apartment_near_hamad_hospital/262399,Amazing FF1BD Apartment | Near Hamad Hospital,Apartment,"5,000","Al Sadd, Doha, Qatar",1 ,2 ,Updated 0 minutes ago
https://www.qatarliving.com/en/properties/rent/residential/apartment/spacious_2_bhk_available_for_family_ladies_staff/131663,SPACIOUS 3 BHK AVAILABLE FOR FAMILY & LADIES STAFF,Apartment,"6,250","Najma, Doha, Qatar",3 ,3 ,Updated 0 minutes ago
https://www.qatarliving.com/en/properties/rent/residential/apartment/luxurious_2bhk_3_bath_in_mansoura_near_metro_station_no_commission/227519,LUXURIOUS 2BHK(3 BATH) IN MANSOURA NEAR METRO STATION | NO COMMISSION,Apartment,"5,000","Al Mansoura / Fereej Bin Dirham, Doha, Qatar",2 ,3 ,Updated 7 hours ago
https://www.qatarliving.com/en/properties/rent/residential/apartment/1-month-free-affordable-2bhk-unfurnished-old-ghanim/no-commission/2499480,1 MONTH FREE | AFFORDABLE 2BHK UNFURNISHED  IN OLD GHANIM /NO COMMISSION,Apartment,"2,900","Old Al Ghanim, Doha, Qatar",2 ,1 ,Updated 7 hours ago
https://www.qatarliving.com/en/properties/rent/residential/apartment/luxurious-3bhk-unfurnished-bin-omran-family/no-commission/2391960,2BHK UNFURNISHED IN BIN OMRAN NEAR RAWNAQ FOR FAMILY / NO COMMISSION,Apartment,"4,500","Fereej Bin Omran, Doha, Qatar",2 ,2 ,Updated 7 hours ago
https://www.qatarliving.com/en/properties/rent/residential/apartment/1-month-free-1bhk-fully-furnished-near-apollo-clinicb-ring-family/2440226,"1BHK FULLY FURNISHED NEAR APOLLO CLINIC,B-RING FOR FAMILY",Apartment,"3,500","Fereej Abdel Aziz, Doha, Qatar",1 ,1 ,Updated 1 hours ago
https://www.qatarliving.com/en/properties/rent/residential/apartment/all-bills-included-fully-furnished-1-bed-room-flats-available-near-munthazah-park/2349962,1 MONTH FREE | ALL BILLS INCLUDED FULLY FURNISHED 1 BHK NEAR MUNTHAZAH PARK,Apartment,"3,500","Rawdat Al Khail, Doha, Qatar",1 ,1 ,Updated 1 hours ago
https://www.qatarliving.com/en/properties/rent/residential/apartment/all_bills_including_1bhk_fully_furnished_near_corniche_opp_museum/230807,ALL BILLS INCLUDING | 1BHK FULLY FURNISHED NEAR CORNICHE OPP. MUSEUM,Apartment,"3,500","New Al Hitmi, Doha, Qatar",1 ,1 ,Updated 7 hours ago
https://www.qatarliving.com/en/properties/rent/residential/apartment/luxurious_2bhk_3bath_in_prime_location_of_mansoura/227584,LUXURIOUS 2BHK(3BATH) IN PRIME LOCATION OF MANSOURA,Apartment,"5,000","Al Mansoura / Fereej Bin Dirham, Doha, Qatar",2 ,3 ,Updated 1 hours ago
